"staar-questions","fifth-grade/"
"staar-questions","fifth-grade/math/"
"staar-questions","fifth-grade/science/"
"staar-questions","fourth-grade/"
"staar-questions","fourth-grade/math/"
"staar-questions","kh8ul1aiajxffvr9ii71z1kn7jav"
"staar-questions","third-grade/"
"staar-questions","third-grade/math/"
"staar-questions","third-grade/math/32A1.jpg"
"staar-questions","third-grade/math/32A2.jpg"
"staar-questions","third-grade/math/32A3.jpg"
"staar-questions","third-grade/math/32A4.jpg"
"staar-questions","third-grade/math/32A5.jpg"
"staar-questions","third-grade/math/32A6.jpg"
"staar-questions","third-grade/math/32A7.jpg"
"staar-questions","third-grade/math/32A8.jpg"
"staar-questions","third-grade/math/32A9.jpg"
"staar-questions","third-grade/math/32B1.jpg"
"staar-questions","third-grade/math/32B2.jpg"
"staar-questions","third-grade/math/32B3.jpg"
"staar-questions","third-grade/math/32C1.jpg"
"staar-questions","third-grade/math/32C2.jpg"
"staar-questions","third-grade/math/32D1.jpg"
"staar-questions","third-grade/math/32D2.jpg"
"staar-questions","third-grade/math/32D3.jpg"
"staar-questions","third-grade/math/32D4.jpg"
"staar-questions","third-grade/math/32D5.jpg"
"staar-questions","third-grade/math/32D6.jpg"
"staar-questions","third-grade/math/32D7.jpg"
"staar-questions","third-grade/math/32D8.jpg"
"staar-questions","third-grade/math/32D9.jpg"
"staar-questions","third-grade/math/33A1.jpg"
"staar-questions","third-grade/math/33C1.jpg"
"staar-questions","third-grade/math/33C2.jpg"
"staar-questions","third-grade/math/33D1.jpg"
"staar-questions","third-grade/math/33D2.jpg"
"staar-questions","third-grade/math/33D3.jpg"
"staar-questions","third-grade/math/33E1.jpg"
"staar-questions","third-grade/math/33E2.jpg"
"staar-questions","third-grade/math/33E3.jpg"
"staar-questions","third-grade/math/33F1.jpg"
"staar-questions","third-grade/math/33F2.jpg"
"staar-questions","third-grade/math/33F3.jpg"
"staar-questions","third-grade/math/33F4.jpg"
"staar-questions","third-grade/math/33F5.jpg"
"staar-questions","third-grade/math/33F6.jpg"
"staar-questions","third-grade/math/33F7.jpg"
"staar-questions","third-grade/math/33F8.jpg"
"staar-questions","third-grade/math/33G1.jpg"
"staar-questions","third-grade/math/33G2.jpg"
"staar-questions","third-grade/math/33H1.jpg"
"staar-questions","third-grade/math/33H10.jpg"
"staar-questions","third-grade/math/33H2.jpg"
"staar-questions","third-grade/math/33H3.jpg"
"staar-questions","third-grade/math/33H4.jpg"
"staar-questions","third-grade/math/33H5.jpg"
"staar-questions","third-grade/math/33H6.jpg"
"staar-questions","third-grade/math/33H7.jpg"
"staar-questions","third-grade/math/33H8.jpg"
"staar-questions","third-grade/math/33H9.jpg"
"staar-questions","third-grade/math/34A1.jpg"
"staar-questions","third-grade/math/34A10.jpg"
"staar-questions","third-grade/math/34A11.jpg"
"staar-questions","third-grade/math/34A12.jpg"
"staar-questions","third-grade/math/34A13.jpg"
"staar-questions","third-grade/math/34A14.jpg"
"staar-questions","third-grade/math/34A2.jpg"
"staar-questions","third-grade/math/34A3.jpg"
"staar-questions","third-grade/math/34A4.jpg"
"staar-questions","third-grade/math/34A5.jpg"
"staar-questions","third-grade/math/34A6.jpg"
"staar-questions","third-grade/math/34A7.jpg"
"staar-questions","third-grade/math/34A8.jpg"
"staar-questions","third-grade/math/34A9.jpg"
"staar-questions","third-grade/math/34B1.jpg"
"staar-questions","third-grade/math/34B2.jpg"
"staar-questions","third-grade/math/34C1.jpg"
"staar-questions","third-grade/math/34C2.jpg"
"staar-questions","third-grade/math/34C3.jpg"
"staar-questions","third-grade/math/34C4.jpg"
"staar-questions","third-grade/math/34D1.jpg"
"staar-questions","third-grade/math/34D2.jpg"
"staar-questions","third-grade/math/34E1.jpg"
"staar-questions","third-grade/math/34E2.jpg"
"staar-questions","third-grade/math/34E3.jpg"
"staar-questions","third-grade/math/34F1.jpg"
"staar-questions","third-grade/math/34F2.jpg"
"staar-questions","third-grade/math/34F3.jpg"
"staar-questions","third-grade/math/34F4.jpg"
"staar-questions","third-grade/math/34F5.jpg"
"staar-questions","third-grade/math/34G1.jpg"
"staar-questions","third-grade/math/34G2.jpg"
"staar-questions","third-grade/math/34G3.jpg"
"staar-questions","third-grade/math/34H1.jpg"
"staar-questions","third-grade/math/34H2.jpg"
"staar-questions","third-grade/math/34H3.jpg"
"staar-questions","third-grade/math/34H4.jpg"
"staar-questions","third-grade/math/34I1.jpg"
"staar-questions","third-grade/math/34I2.jpg"
"staar-questions","third-grade/math/34I3.jpg"
"staar-questions","third-grade/math/34I4.jpg"
"staar-questions","third-grade/math/34J1.jpg"
"staar-questions","third-grade/math/34J2.jpg"
"staar-questions","third-grade/math/34J3.jpg"
"staar-questions","third-grade/math/34K1.jpg"
"staar-questions","third-grade/math/34K10.jpg"
"staar-questions","third-grade/math/34K11.jpg"
"staar-questions","third-grade/math/34K2.jpg"
"staar-questions","third-grade/math/34K3.jpg"
"staar-questions","third-grade/math/34K4.jpg"
"staar-questions","third-grade/math/34K5.jpg"
"staar-questions","third-grade/math/34K6.jpg"
"staar-questions","third-grade/math/34K7.jpg"
"staar-questions","third-grade/math/34K8.jpg"
"staar-questions","third-grade/math/34K9.jpg"
"staar-questions","third-grade/math/35A1.jpg"
"staar-questions","third-grade/math/35A10.jpg"
"staar-questions","third-grade/math/35A2.jpg"
"staar-questions","third-grade/math/35A3.jpg"
"staar-questions","third-grade/math/35A4.jpg"
"staar-questions","third-grade/math/35A5.jpg"
"staar-questions","third-grade/math/35A6.jpg"
"staar-questions","third-grade/math/35A7.jpg"
"staar-questions","third-grade/math/35A8.jpg"
"staar-questions","third-grade/math/35A9.jpg"
"staar-questions","third-grade/math/35B1.jpg"
"staar-questions","third-grade/math/35B10.jpg"
"staar-questions","third-grade/math/35B11.jpg"
"staar-questions","third-grade/math/35B12.jpg"
"staar-questions","third-grade/math/35B2.jpg"
"staar-questions","third-grade/math/35B3.jpg"
"staar-questions","third-grade/math/35B4.jpg"
"staar-questions","third-grade/math/35B5.jpg"
"staar-questions","third-grade/math/35B6.jpg"
"staar-questions","third-grade/math/35B7.jpg"
"staar-questions","third-grade/math/35B8.jpg"
"staar-questions","third-grade/math/35B9.jpg"
"staar-questions","third-grade/math/35C1.jpg"
"staar-questions","third-grade/math/35C2.jpg"
"staar-questions","third-grade/math/35C3.jpg"
"staar-questions","third-grade/math/35C4.jpg"
"staar-questions","third-grade/math/35D1.jpg"
"staar-questions","third-grade/math/35D2.jpg"
"staar-questions","third-grade/math/35D3.jpg"
"staar-questions","third-grade/math/35D4.jpg"
"staar-questions","third-grade/math/35E1.jpg"
"staar-questions","third-grade/math/35E10.jpg"
"staar-questions","third-grade/math/35E11.jpg"
"staar-questions","third-grade/math/35E12.jpg"
"staar-questions","third-grade/math/35E13.jpg"
"staar-questions","third-grade/math/35E14.jpg"
"staar-questions","third-grade/math/35E2.jpg"
"staar-questions","third-grade/math/35E3.jpg"
"staar-questions","third-grade/math/35E4.jpg"
"staar-questions","third-grade/math/35E5.jpg"
"staar-questions","third-grade/math/35E6.jpg"
"staar-questions","third-grade/math/35E7.jpg"
"staar-questions","third-grade/math/35E8.jpg"
"staar-questions","third-grade/math/35E9.jpg"
"staar-questions","third-grade/math/36A1.jpg"
"staar-questions","third-grade/math/36A10.jpg"
"staar-questions","third-grade/math/36A11.jpg"
"staar-questions","third-grade/math/36A2.jpg"
"staar-questions","third-grade/math/36A3.jpg"
"staar-questions","third-grade/math/36A4.jpg"
"staar-questions","third-grade/math/36A5.jpg"
"staar-questions","third-grade/math/36A6.jpg"
"staar-questions","third-grade/math/36A7.jpg"
"staar-questions","third-grade/math/36A8.jpg"
"staar-questions","third-grade/math/36A9.jpg"
"staar-questions","third-grade/math/36B1.jpg"
"staar-questions","third-grade/math/36B2.jpg"
"staar-questions","third-grade/math/36B3.jpg"
"staar-questions","third-grade/math/36C1.jpg"
"staar-questions","third-grade/math/36C10.jpg"
"staar-questions","third-grade/math/36C11.jpg"
"staar-questions","third-grade/math/36C2.jpg"
"staar-questions","third-grade/math/36C3.jpg"
"staar-questions","third-grade/math/36C4.jpg"
"staar-questions","third-grade/math/36C5.jpg"
"staar-questions","third-grade/math/36C6.jpg"
"staar-questions","third-grade/math/36C7.jpg"
"staar-questions","third-grade/math/36C8.jpg"
"staar-questions","third-grade/math/36C9.jpg"
"staar-questions","third-grade/math/36D1.jpg"
"staar-questions","third-grade/math/36D2.jpg"
"staar-questions","third-grade/math/36E1.jpg"
"staar-questions","third-grade/math/36E2.jpg"
"staar-questions","third-grade/math/36E3.jpg"
"staar-questions","third-grade/math/37A1.jpg"
"staar-questions","third-grade/math/37A2.jpg"
"staar-questions","third-grade/math/37A3.jpg"
"staar-questions","third-grade/math/37B1.jpg"
"staar-questions","third-grade/math/37B10.jpg"
"staar-questions","third-grade/math/37B11.jpg"
"staar-questions","third-grade/math/37B12.jpg"
"staar-questions","third-grade/math/37B2.jpg"
"staar-questions","third-grade/math/37B3.jpg"
"staar-questions","third-grade/math/37B4.jpg"
"staar-questions","third-grade/math/37B5.jpg"
"staar-questions","third-grade/math/37B6.jpg"
"staar-questions","third-grade/math/37B7.jpg"
"staar-questions","third-grade/math/37B8.jpg"
"staar-questions","third-grade/math/37B9.jpg"
"staar-questions","third-grade/math/37C1.jpg"
"staar-questions","third-grade/math/37C2.jpg"
"staar-questions","third-grade/math/37C3.jpg"
"staar-questions","third-grade/math/37C4.jpg"
"staar-questions","third-grade/math/37D1.jpg"
"staar-questions","third-grade/math/37D2.jpg"
"staar-questions","third-grade/math/37D3.jpg"
"staar-questions","third-grade/math/37D4.jpg"
"staar-questions","third-grade/math/38A1.jpg"
"staar-questions","third-grade/math/38A10.jpg"
"staar-questions","third-grade/math/38A11.jpg"
"staar-questions","third-grade/math/38A12.jpg"
"staar-questions","third-grade/math/38A13.jpg"
"staar-questions","third-grade/math/38A2.jpg"
"staar-questions","third-grade/math/38A3.jpg"
"staar-questions","third-grade/math/38A4.jpg"
"staar-questions","third-grade/math/38A5.jpg"
"staar-questions","third-grade/math/38A6.jpg"
"staar-questions","third-grade/math/38A7.jpg"
"staar-questions","third-grade/math/38A8.jpg"
"staar-questions","third-grade/math/38A9.jpg"
"staar-questions","third-grade/math/38B1.jpg"
"staar-questions","third-grade/math/38B2.jpg"
"staar-questions","third-grade/math/38B3.jpg"
"staar-questions","third-grade/math/38B4.jpg"
"staar-questions","third-grade/math/39A1.jpg"
"staar-questions","third-grade/math/39A2.jpg"
"staar-questions","third-grade/math/39A3.jpg"
"staar-questions","third-grade/math/39A4.jpg"
"staar-questions","third-grade/math/39B1.jpg"
"staar-questions","third-grade/math/39B2.jpg"
"staar-questions","third-grade/math/39D1.jpg"
"staar-questions","third-grade/math/39D2.jpg"
